year,month,day,day_of_week,is_holiday,is_working_day,season,weather,temp,feeling_temp,hum,windspeed,count
0,1,0.03225806451612903,6,0,0,1,2,0.344167,0.363625,0.805833,0.160446,6.892641641172089
0,1,0.06451612903225806,0,0,0,1,2,0.363478,0.353739,0.696087,0.248539,6.68586094706836
0,1,0.0967741935483871,1,0,1,1,1,0.196364,0.189405,0.437273,0.248309,7.207118856207756
0,1,0.12903225806451613,2,0,1,1,1,0.2,0.212122,0.590435,0.160296,7.3537223303996315
0,1,0.16129032258064516,3,0,1,1,1,0.226957,0.22927,0.436957,0.1869,7.3777589082278725
0,1,0.1935483870967742,4,0,1,1,1,0.204348,0.233209,0.518261,0.0895652,7.381501894506707
0,1,0.22580645161290322,5,0,1,1,2,0.196522,0.208839,0.498696,0.168726,7.31986492980897
0,1,0.25806451612903225,6,0,0,1,2,0.165,0.162254,0.535833,0.266804,6.8658910748834385
0,1,0.2903225806451613,0,0,0,1,1,0.138333,0.116175,0.434167,0.36195,6.71174039505618
0,1,0.3225806451612903,1,0,1,1,1,0.150833,0.150888,0.482917,0.223267,7.186144304522325
0,1,0.3548387096774194,2,0,1,1,2,0.169091,0.191464,0.686364,0.122132,7.141245122350491
0,1,0.3870967741935484,3,0,1,1,1,0.172727,0.160473,0.599545,0.304627,7.057897937411856
0,1,0.41935483870967744,4,0,1,1,1,0.165,0.150883,0.470417,0.301,7.2485040723706105
0,1,0.45161290322580644,5,0,1,1,1,0.16087,0.188413,0.537826,0.126548,7.259116128097101
0,1,0.4838709677419355,6,0,0,1,2,0.233333,0.248112,0.49875,0.157963,7.129297548929373
0,1,0.5161290322580645,0,0,0,1,1,0.231667,0.234217,0.48375,0.188433,7.093404625868766
0,1,0.5483870967741935,1,1,0,1,2,0.175833,0.176771,0.5375,0.194017,6.907755278982137
0,1,0.5806451612903226,2,0,1,1,2,0.216667,0.232333,0.861667,0.146775,6.52649485957079
0,1,0.6129032258064516,3,0,1,1,2,0.292174,0.298422,0.741739,0.208317,7.408530566894626
0,1,0.6451612903225806,4,0,1,1,2,0.261667,0.25505,0.538333,0.195904,7.563719668414366
0,1,0.6774193548387096,5,0,1,1,1,0.1775,0.157833,0.457083,0.353242,7.341483852363161
0,1,0.7096774193548387,6,0,0,1,1,0.0591304,0.0790696,0.4,0.17197,6.8885724595653635
0,1,0.7419354838709677,0,0,0,1,1,0.0965217,0.0988391,0.436522,0.2466,6.893656354602635
0,1,0.7741935483870968,1,0,1,1,1,0.0973913,0.11793,0.491739,0.15833,7.255591274253665
0,1,0.8064516129032258,2,0,1,1,2,0.223478,0.234526,0.616957,0.129796,7.59337419312129
0,1,0.8387096774193549,3,0,1,1,3,0.2175,0.2036,0.8625,0.29385,6.226536669287466
0,1,0.8709677419354839,4,0,1,1,1,0.195,0.2197,0.6875,0.113837,6.066108090103747
0,1,0.9032258064516129,5,0,1,1,2,0.203478,0.223317,0.793043,0.1233,7.062191632286556
0,1,0.9354838709677419,6,0,0,1,1,0.196522,0.212126,0.651739,0.145365,7.001245622069476
0,1,0.967741935483871,0,0,0,1,1,0.216522,0.250322,0.722174,0.0739826,6.999422467507961
0,1,1.0,1,0,1,1,2,0.180833,0.18625,0.60375,0.187192,7.313886831633462
0,2,0.03225806451612903,2,0,1,1,2,0.192174,0.23453,0.829565,0.053213,7.215239978730097
0,2,0.06451612903225806,3,0,1,1,2,0.26,0.254417,0.775417,0.264308,7.330405211844402
0,2,0.0967741935483871,4,0,1,1,1,0.186957,0.177878,0.437826,0.277752,7.346010209913293
0,2,0.12903225806451613,5,0,1,1,2,0.211304,0.228587,0.585217,0.127839,7.443078374348516
0,2,0.16129032258064516,6,0,0,1,2,0.233333,0.243058,0.929167,0.161079,6.912742820493176
0,2,0.1935483870967742,0,0,0,1,1,0.285833,0.291671,0.568333,0.1418,7.392031567514591
0,2,0.22580645161290322,1,0,1,1,1,0.271667,0.303658,0.738333,0.0454083,7.445417556701687
0,2,0.25806451612903225,2,0,1,1,1,0.220833,0.198246,0.537917,0.36195,7.333023014386481
0,2,0.2903225806451613,3,0,1,1,2,0.134783,0.144283,0.494783,0.188839,7.380879035564116
0,2,0.3225806451612903,4,0,1,1,1,0.144348,0.149548,0.437391,0.221935,7.338238150065589
0,2,0.3548387096774194,5,0,1,1,1,0.189091,0.213509,0.506364,0.10855,7.465082736399547
0,2,0.3870967741935484,6,0,0,1,1,0.2225,0.232954,0.544167,0.203367,7.294377299288821
0,2,0.41935483870967744,0,0,0,1,1,0.316522,0.324113,0.457391,0.260883,7.370860166536716
0,2,0.45161290322580644,1,0,1,1,1,0.415,0.39835,0.375833,0.417908,7.556427969440253
0,2,0.4838709677419355,2,0,1,1,1,0.266087,0.254274,0.314348,0.291374,7.503840746698951
0,2,0.5161290322580645,3,0,1,1,1,0.318261,0.3162,0.423478,0.251791,7.656810091480378
0,2,0.5483870967741935,4,0,1,1,1,0.435833,0.428658,0.505,0.230104,7.813995675002791
0,2,0.5806451612903226,5,0,1,1,1,0.521667,0.511983,0.516667,0.264925,7.9817332866918855
0,2,0.6129032258064516,6,0,0,1,1,0.399167,0.391404,0.187917,0.507463,7.399398083331354
0,2,0.6451612903225806,0,0,0,1,1,0.285217,0.27733,0.407826,0.223235,7.502186486602924
0,2,0.6774193548387096,1,1,0,1,2,0.303333,0.284075,0.605,0.307846,7.009408932708637
0,2,0.7096774193548387,2,0,1,1,1,0.182222,0.186033,0.577778,0.195683,7.27931883541462
0,2,0.7419354838709677,3,0,1,1,1,0.221739,0.245717,0.423043,0.094113,7.558516743045645
0,2,0.7741935483870968,4,0,1,1,2,0.295652,0.289191,0.697391,0.250496,7.499423290592229
0,2,0.8064516129032258,5,0,1,1,2,0.364348,0.350461,0.712174,0.346539,7.2868764117507
0,2,0.8387096774193549,6,0,0,1,1,0.2825,0.282192,0.537917,0.186571,7.585281078639126
0,2,0.8709677419354839,0,0,0,1,1,0.343478,0.351109,0.68,0.125248,7.784057002639929
0,2,0.9032258064516129,1,0,1,1,2,0.407273,0.400118,0.876364,0.289686,7.27655640271871
0,3,0.03225806451612903,2,0,1,1,1,0.266667,0.263879,0.535,0.216425,7.523481312573497
0,3,0.06451612903225806,3,0,1,1,1,0.335,0.320071,0.449583,0.307833,7.665753431861699
0,3,0.0967741935483871,4,0,1,1,1,0.198333,0.200133,0.318333,0.225754,7.429520842786462
0,3,0.12903225806451613,5,0,1,1,2,0.261667,0.255679,0.610417,0.203346,7.572502985020384
0,3,0.16129032258064516,6,0,0,1,2,0.384167,0.378779,0.789167,0.251871,7.638679823876112
0,3,0.1935483870967742,0,0,0,1,2,0.376522,0.366252,0.948261,0.343287,6.405228458030842
0,3,0.22580645161290322,1,0,1,1,1,0.261739,0.238461,0.551304,0.341352,7.534762657037537
0,3,0.25806451612903225,2,0,1,1,1,0.2925,0.3024,0.420833,0.12065,7.665284718471351
0,3,0.2903225806451613,3,0,1,1,2,0.295833,0.286608,0.775417,0.22015,7.544861068658458
0,3,0.3225806451612903,4,0,1,1,3,0.389091,0.385668,0.0,0.261877,6.434546518787453
0,3,0.3548387096774194,5,0,1,1,2,0.316522,0.305,0.649565,0.23297,7.589335823170617
0,3,0.3870967741935484,6,0,0,1,1,0.329167,0.32575,0.594583,0.220775,7.664815785285735
0,3,0.41935483870967744,0,0,0,1,1,0.384348,0.380091,0.527391,0.270604,7.790282380703483
0,3,0.45161290322580644,1,0,1,1,1,0.325217,0.332,0.496957,0.136926,7.6236419465115715
0,3,0.4838709677419355,2,0,1,1,2,0.317391,0.318178,0.655652,0.184309,7.628517626575055
0,3,0.5161290322580645,3,0,1,1,2,0.365217,0.36693,0.776522,0.203117,7.692569648067906
0,3,0.5483870967741935,4,0,1,1,1,0.415,0.410333,0.602917,0.209579,7.917171988845776
0,3,0.5806451612903226,5,0,1,1,1,0.54,0.527009,0.525217,0.231017,8.08301991917133
0,3,0.6129032258064516,6,0,0,1,1,0.4725,0.466525,0.379167,0.368167,8.044626279767337
0,3,0.6451612903225806,0,0,0,1,1,0.3325,0.32575,0.47375,0.207721,7.81237820598861
0,3,0.6774193548387096,1,0,1,2,2,0.430435,0.409735,0.737391,0.288783,7.638679823876112
0,3,0.7096774193548387,2,0,1,2,1,0.441667,0.440642,0.624583,0.22575,7.902117546276448
0,3,0.7419354838709677,3,0,1,2,2,0.346957,0.337939,0.839565,0.234261,7.659642954564682
0,3,0.7741935483870968,4,0,1,2,2,0.285,0.270833,0.805833,0.243787,7.5310163320779155
0,3,0.8064516129032258,5,0,1,2,1,0.264167,0.256312,0.495,0.230725,7.700747794511798
0,3,0.8387096774193549,6,0,0,2,1,0.265833,0.257571,0.394167,0.209571,7.822444729489319
0,3,0.8709677419354839,0,0,0,2,2,0.253043,0.250339,0.493913,0.1843,7.4342573821331355
0,3,0.9032258064516129,1,0,1,2,1,0.264348,0.257574,0.302174,0.212204,7.614805364711073
0,3,0.9354838709677419,2,0,1,2,1,0.3025,0.292908,0.314167,0.226996,7.793586803371584
0,3,0.967741935483871,3,0,1,2,2,0.3,0.29735,0.646667,0.172888,7.336936913707618
0,3,1.0,4,0,1,2,3,0.268333,0.257575,0.918333,0.217646,7.429520842786462
0,4,0.03225806451612903,5,0,1,2,2,0.3,0.283454,0.68625,0.258708,7.708410667257367
0,4,0.06451612903225806,6,0,0,2,2,0.315,0.315637,0.65375,0.197146,7.719573989259581
0,4,0.0967741935483871,0,0,0,2,1,0.378333,0.378767,0.48,0.182213,8.0861025356691
0,4,0.12903225806451613,1,0,1,2,1,0.573333,0.542929,0.42625,0.385571,8.043984431221553
0,4,0.16129032258064516,2,0,1,2,2,0.414167,0.39835,0.642083,0.388067,7.492760300922379
0,4,0.1935483870967742,3,0,1,2,1,0.390833,0.387608,0.470833,0.263063,7.940227765145702
0,4,0.22580645161290322,4,0,1,2,1,0.4375,0.433696,0.602917,0.162312,8.052296499538647
0,4,0.25806451612903225,5,0,1,2,2,0.335833,0.324479,0.83625,0.226992,7.293697720601438
0,4,0.2903225806451613,6,0,0,2,2,0.3425,0.341529,0.8775,0.133083,7.805882040228621
0,4,0.3225806451612903,0,0,0,2,2,0.426667,0.426737,0.8575,0.146767,7.970740390007095
0,4,0.3548387096774194,1,0,1,2,2,0.595652,0.565217,0.716956,0.324474,8.116118431609365
0,4,0.3870967741935484,2,0,1,2,2,0.5025,0.493054,0.739167,0.274879,7.617759576608505
0,4,0.41935483870967744,3,0,1,2,2,0.4125,0.417283,0.819167,0.250617,7.6787889981991535
0,4,0.45161290322580644,4,0,1,2,1,0.4675,0.462742,0.540417,0.1107,8.09162741160107
0,4,0.4838709677419355,5,1,0,2,1,0.446667,0.441913,0.67125,0.226375,8.047509510981422
0,4,0.5161290322580645,6,0,0,2,3,0.430833,0.425492,0.888333,0.340808,6.678342114654332
0,4,0.5483870967741935,0,0,0,2,1,0.456667,0.445696,0.479583,0.303496,8.227909837597483
0,4,0.5806451612903226,1,0,1,2,1,0.5125,0.503146,0.5425,0.163567,8.14002395246292
0,4,0.6129032258064516,2,0,1,2,2,0.505833,0.489258,0.665833,0.157971,8.07215530818825
0,4,0.6451612903225806,3,0,1,2,1,0.595,0.564392,0.614167,0.241925,8.279950715722526
0,4,0.6774193548387096,4,0,1,2,1,0.459167,0.453892,0.407083,0.325258,8.340217320947035
0,4,0.7096774193548387,5,0,1,2,2,0.336667,0.321954,0.729583,0.219521,7.428333194190806
0,4,0.7419354838709677,6,0,0,2,2,0.46,0.450121,0.887917,0.230725,8.3030093814735
0,4,0.7741935483870968,0,0,0,2,2,0.581667,0.551763,0.810833,0.192175,8.340694647925071
0,4,0.8064516129032258,1,0,1,2,1,0.606667,0.5745,0.776667,0.185333,8.312135107648412
0,4,0.8387096774193549,2,0,1,2,1,0.631667,0.594083,0.729167,0.3265,8.389359819906353
0,4,0.8709677419354839,3,0,1,2,2,0.62,0.575142,0.835417,0.3122,8.261526448396468
0,4,0.9032258064516129,4,0,1,2,2,0.6175,0.578929,0.700833,0.320908,8.30844552038576
0,4,0.9354838709677419,5,0,1,2,1,0.51,0.497463,0.457083,0.240063,8.432724034789787
0,4,0.967741935483871,6,0,0,2,1,0.4725,0.464021,0.503333,0.235075,8.57772369115627
0,5,0.03225806451612903,0,0,0,2,2,0.451667,0.448204,0.762083,0.106354,8.11701408773731
0,5,0.06451612903225806,1,0,1,2,2,0.549167,0.532833,0.73,0.183454,8.38958706681109
0,5,0.0967741935483871,2,0,1,2,2,0.616667,0.582079,0.697083,0.342667,8.400884069015854
0,5,0.12903225806451613,3,0,1,2,2,0.414167,0.40465,0.737083,0.328996,7.87587915949631
0,5,0.16129032258064516,4,0,1,2,1,0.459167,0.441917,0.444167,0.295392,8.396831834745054
0,5,0.1935483870967742,5,0,1,2,1,0.479167,0.474117,0.59,0.228246,8.435549202375727
0,5,0.22580645161290322,6,0,0,2,1,0.52,0.512621,0.54125,0.16045,8.458292083496076
0,5,0.25806451612903225,0,0,0,2,1,0.528333,0.518933,0.631667,0.0746375,8.374015421739909
0,5,0.2903225806451613,1,0,1,2,1,0.5325,0.525246,0.58875,0.176,8.380685946761574
0,5,0.3225806451612903,2,0,1,2,1,0.5325,0.522721,0.489167,0.115671,8.476996001664824
0,5,0.3548387096774194,3,0,1,2,1,0.5425,0.5284,0.632917,0.120642,8.338544879988579
0,5,0.3870967741935484,4,0,1,2,1,0.535,0.523363,0.7475,0.189667,8.489616423646003
0,5,0.41935483870967744,5,0,1,2,2,0.5125,0.4943,0.863333,0.179725,8.31996102188653
0,5,0.45161290322580644,6,0,0,2,2,0.520833,0.500629,0.9225,0.13495,8.134174272137903
0,5,0.4838709677419355,0,0,0,2,2,0.5625,0.536,0.867083,0.152979,8.423541635334782
0,5,0.5161290322580645,1,0,1,2,1,0.5775,0.550512,0.787917,0.126871,8.28349412616251
0,5,0.5483870967741935,2,0,1,2,2,0.561667,0.538529,0.837917,0.277354,8.3243363327069
0,5,0.5806451612903226,3,0,1,2,2,0.55,0.527158,0.87,0.201492,8.25712628599743
0,5,0.6129032258064516,4,0,1,2,2,0.530833,0.510742,0.829583,0.108213,8.428361977709622
0,5,0.6451612903225806,5,0,1,2,1,0.536667,0.529042,0.719583,0.125013,8.50045386741194
0,5,0.6774193548387096,6,0,0,2,1,0.6025,0.571975,0.626667,0.12065,8.666474894131992
0,5,0.7096774193548387,0,0,0,2,1,0.604167,0.5745,0.749583,0.148008,8.446770727119691
0,5,0.7419354838709677,1,0,1,2,2,0.631667,0.590296,0.81,0.233842,8.360305435879093
0,5,0.7741935483870968,2,0,1,2,2,0.66,0.604813,0.740833,0.207092,8.410053315858335
0,5,0.8064516129032258,3,0,1,2,1,0.660833,0.615542,0.69625,0.154233,8.512783482927537
0,5,0.8387096774193549,4,0,1,2,1,0.708333,0.654688,0.6775,0.199642,8.450412157725886
0,5,0.8709677419354839,5,0,1,2,1,0.681667,0.637008,0.65375,0.240679,8.450839690866216
0,5,0.9032258064516129,6,0,0,2,1,0.655833,0.612379,0.729583,0.230092,8.467582690862903
0,5,0.9354838709677419,0,0,0,2,1,0.6675,0.61555,0.81875,0.213938,8.473868066677865
0,5,0.967741935483871,1,1,0,2,1,0.733333,0.671092,0.685,0.131225,8.318254328798846
0,5,1.0,2,0,1,2,1,0.775,0.725383,0.636667,0.111329,8.289539484624141
0,6,0.03225806451612903,3,0,1,2,2,0.764167,0.720967,0.677083,0.207092,8.287528423111763
0,6,0.06451612903225806,4,0,1,2,1,0.715,0.643942,0.305,0.292287,8.510772623613315
0,6,0.0967741935483871,5,0,1,2,1,0.62,0.587133,0.354167,0.253121,8.57772369115627
0,6,0.12903225806451613,6,0,0,2,1,0.635,0.594696,0.45625,0.123142,8.583355393669907
0,6,0.16129032258064516,0,0,0,2,2,0.648333,0.616804,0.6525,0.138692,8.498214224818435
0,6,0.1935483870967742,1,0,1,2,1,0.678333,0.621858,0.6,0.121896,8.422442854870427
0,6,0.22580645161290322,2,0,1,2,1,0.7075,0.65595,0.597917,0.187808,8.483222671845084
0,6,0.25806451612903225,3,0,1,2,1,0.775833,0.727279,0.622083,0.136817,8.38958706681109
0,6,0.2903225806451613,4,0,1,2,2,0.808333,0.757579,0.568333,0.149883,8.272570608424903
0,6,0.3225806451612903,5,0,1,2,1,0.755,0.703292,0.605,0.140554,8.43076346341785
0,6,0.3548387096774194,6,0,0,2,1,0.725,0.678038,0.654583,0.15485,8.510369966068112
0,6,0.3870967741935484,0,0,0,2,1,0.6925,0.643325,0.747917,0.163567,8.40290404501411
0,6,0.41935483870967744,1,0,1,2,1,0.635,0.601654,0.494583,0.30535,8.521185212685776
0,6,0.45161290322580644,2,0,1,2,1,0.604167,0.591546,0.507083,0.269283,8.495152060539358
0,6,0.4838709677419355,3,0,1,2,1,0.626667,0.587754,0.471667,0.167912,8.55256033525353
0,6,0.5161290322580645,4,0,1,2,2,0.628333,0.595346,0.688333,0.206471,8.23403420769204
0,6,0.5483870967741935,5,0,1,2,1,0.649167,0.600383,0.735833,0.143029,8.485496104672983
0,6,0.5806451612903226,6,0,0,2,1,0.696667,0.643954,0.670417,0.119408,8.540714386457584
0,6,0.6129032258064516,0,0,0,2,2,0.699167,0.645846,0.666667,0.102,8.464635940677562
0,6,0.6451612903225806,1,0,1,2,2,0.635,0.595346,0.74625,0.155475,8.296546520300614
0,6,0.6774193548387096,2,0,1,3,2,0.680833,0.637646,0.770417,0.171025,8.483636407887394
0,6,0.7096774193548387,3,0,1,3,1,0.733333,0.693829,0.7075,0.172262,8.413387022690648
0,6,0.7419354838709677,4,0,1,3,2,0.728333,0.693833,0.703333,0.238804,8.474285690404962
0,6,0.7741935483870968,5,0,1,3,1,0.724167,0.656583,0.573333,0.222025,8.515391569469609
0,6,0.8064516129032258,6,0,0,3,1,0.695,0.643313,0.483333,0.209571,8.556798446008598
0,6,0.8387096774193549,0,0,0,3,1,0.68,0.637629,0.513333,0.0945333,8.576405051048084
0,6,0.8709677419354839,1,0,1,3,2,0.6825,0.637004,0.658333,0.107588,8.457018468380168
0,6,0.9032258064516129,2,0,1,3,1,0.744167,0.692558,0.634167,0.144283,8.444192298531748
0,6,0.9354838709677419,3,0,1,3,1,0.728333,0.654688,0.497917,0.261821,8.561210076833012
0,6,0.967741935483871,4,0,1,3,1,0.696667,0.637008,0.434167,0.185312,8.615226931687603
0,7,0.03225806451612903,5,0,1,3,1,0.7225,0.652162,0.39625,0.102608,8.587092318795905
0,7,0.06451612903225806,6,0,0,3,1,0.738333,0.667308,0.444583,0.115062,8.540714386457584
0,7,0.0967741935483871,0,0,0,3,2,0.716667,0.668575,0.6825,0.228858,8.444407421690585
0,7,0.12903225806451613,1,1,0,3,2,0.726667,0.665417,0.637917,0.0814792,8.706655856361559
0,7,0.16129032258064516,2,0,1,3,1,0.746667,0.696338,0.590417,0.126258,8.447843113281444
0,7,0.1935483870967742,3,0,1,3,1,0.72,0.685633,0.743333,0.149883,8.44009614103127
0,7,0.22580645161290322,4,0,1,3,1,0.75,0.686871,0.65125,0.1592,8.432070937999402
0,7,0.25806451612903225,5,0,1,3,2,0.709167,0.670483,0.757917,0.225129,8.303999970955196
0,7,0.2903225806451613,6,0,0,3,1,0.733333,0.664158,0.609167,0.167912,8.58223158759546
0,7,0.3225806451612903,0,0,0,3,1,0.7475,0.690025,0.578333,0.183471,8.493105395887147
0,7,0.3548387096774194,1,0,1,3,1,0.7625,0.729804,0.635833,0.282337,8.315321775377567
0,7,0.3870967741935484,2,0,1,3,1,0.794167,0.739275,0.559167,0.200254,8.356554845453426
0,7,0.41935483870967744,3,0,1,3,1,0.746667,0.689404,0.631667,0.146133,8.376090350438238
0,7,0.45161290322580644,4,0,1,3,1,0.680833,0.635104,0.47625,0.240667,8.533853632309345
0,7,0.4838709677419355,5,0,1,3,1,0.663333,0.624371,0.59125,0.182833,8.619388703730907
0,7,0.5161290322580645,6,0,0,3,1,0.686667,0.638263,0.585,0.208342,8.686598356276965
0,7,0.5483870967741935,0,0,0,3,1,0.719167,0.669833,0.604167,0.245033,8.57583938684897
0,7,0.5806451612903226,1,0,1,3,1,0.746667,0.703925,0.65125,0.215804,8.402455513945814
0,7,0.6129032258064516,2,0,1,3,1,0.776667,0.747479,0.650417,0.1306,8.420902531097951
0,7,0.6451612903225806,3,0,1,3,1,0.768333,0.74685,0.707083,0.113817,8.37378460812088
0,7,0.6774193548387096,4,0,1,3,2,0.815,0.826371,0.69125,0.222021,8.238536930171769
0,7,0.7096774193548387,5,0,1,3,1,0.848333,0.840896,0.580417,0.1331,8.127699852817772
0,7,0.7419354838709677,6,0,0,3,1,0.849167,0.804287,0.5,0.131221,8.09712193091871
0,7,0.7741935483870968,0,0,0,3,1,0.83,0.794829,0.550833,0.169171,8.190354403763262
0,7,0.8064516129032258,1,0,1,3,1,0.743333,0.720958,0.757083,0.0908083,8.253227645581772
0,7,0.8387096774193549,2,0,1,3,1,0.771667,0.696979,0.540833,0.200258,8.431635303054591
0,7,0.8709677419354839,3,0,1,3,1,0.775,0.690667,0.402917,0.183463,8.445911989411274
0,7,0.9032258064516129,4,0,1,3,1,0.779167,0.7399,0.583333,0.178479,8.387084506069217
0,7,0.9354838709677419,5,0,1,3,1,0.838333,0.785967,0.5425,0.174138,8.254788926148725
0,7,0.967741935483871,6,0,0,3,1,0.804167,0.728537,0.465833,0.168537,8.406261630708956
0,7,1.0,0,0,0,3,1,0.805833,0.729796,0.480833,0.164813,8.366835309827675
0,8,0.03225806451612903,1,0,1,3,1,0.771667,0.703292,0.550833,0.156717,8.358431899031295
0,8,0.06451612903225806,2,0,1,3,1,0.783333,0.707071,0.49125,0.20585,8.485702524324866
0,8,0.0967741935483871,3,0,1,3,2,0.731667,0.679937,0.6575,0.135583,8.181440695719374
0,8,0.12903225806451613,4,0,1,3,2,0.71,0.664788,0.7575,0.19715,8.428580533059634
0,8,0.16129032258064516,5,0,1,3,1,0.710833,0.656567,0.630833,0.184696,8.490027523343468
0,8,0.1935483870967742,6,0,0,3,2,0.716667,0.676154,0.755,0.22825,8.364973978438726
0,8,0.22580645161290322,0,0,0,3,1,0.7425,0.715292,0.752917,0.201487,8.23880116587155
0,8,0.25806451612903225,1,0,1,3,1,0.765,0.703283,0.592083,0.192175,8.372398606513004
0,8,0.2903225806451613,2,0,1,3,1,0.775,0.724121,0.570417,0.151121,8.434246270595311
0,8,0.3225806451612903,3,0,1,3,1,0.766667,0.684983,0.424167,0.200258,8.472195825485501
0,8,0.3548387096774194,4,0,1,3,1,0.7175,0.651521,0.42375,0.164796,8.474703139795285
0,8,0.3870967741935484,5,0,1,3,1,0.708333,0.654042,0.415,0.125621,8.498010371999463
0,8,0.41935483870967744,6,0,0,3,2,0.685833,0.645858,0.729583,0.211454,8.330863613224745
0,8,0.45161290322580644,0,0,0,3,2,0.676667,0.624388,0.8175,0.222633,8.24800570160062
0,8,0.4838709677419355,1,0,1,3,1,0.665833,0.616167,0.712083,0.208954,8.37516869138682
0,8,0.5161290322580645,2,0,1,3,1,0.700833,0.645837,0.578333,0.236329,8.460622839927844
0,8,0.5483870967741935,3,0,1,3,1,0.723333,0.666671,0.575417,0.143667,8.454040376410969
0,8,0.5806451612903226,4,0,1,3,1,0.711667,0.662258,0.654583,0.233208,8.244071270295786
0,8,0.6129032258064516,5,0,1,3,2,0.685,0.633221,0.722917,0.139308,8.331586243630754
0,8,0.6451612903225806,6,0,0,3,1,0.6975,0.648996,0.674167,0.104467,8.55468163582723
0,8,0.6774193548387096,0,0,0,3,1,0.710833,0.675525,0.77,0.248754,8.261784679514752
0,8,0.7096774193548387,1,0,1,3,1,0.691667,0.638254,0.47,0.27675,8.467582690862903
0,8,0.7419354838709677,2,0,1,3,1,0.640833,0.606067,0.455417,0.146763,8.68185981297147
0,8,0.7741935483870968,3,0,1,3,1,0.673333,0.630692,0.605,0.253108,8.542860938164814
0,8,0.8064516129032258,4,0,1,3,2,0.684167,0.645854,0.771667,0.210833,8.17244681834278
0,8,0.8387096774193549,5,0,1,3,1,0.7,0.659733,0.76125,0.0839625,8.446985296372741
0,8,0.8709677419354839,6,0,0,3,2,0.68,0.635556,0.85,0.375617,7.016609683894219
0,8,0.9032258064516129,0,0,0,3,1,0.707059,0.647959,0.561765,0.304659,8.374246182096304
0,8,0.9354838709677419,1,0,1,3,1,0.636667,0.607958,0.554583,0.159825,8.441175704992322
0,8,0.967741935483871,2,0,1,3,1,0.639167,0.594704,0.548333,0.125008,8.557182839632397
0,8,1.0,3,0,1,3,1,0.656667,0.611121,0.597917,0.0833333,8.52872642722991
0,9,0.03225806451612903,4,0,1,3,1,0.655,0.614921,0.639167,0.141796,8.539932678385727
0,9,0.06451612903225806,5,0,1,3,2,0.643333,0.604808,0.727083,0.139929,8.461046030793236
0,9,0.0967741935483871,6,0,0,3,1,0.669167,0.633213,0.716667,0.185325,8.40827078419205
0,9,0.12903225806451613,0,0,0,3,1,0.709167,0.665429,0.742083,0.206467,8.505120610181969
0,9,0.16129032258064516,1,1,0,3,2,0.673333,0.625646,0.790417,0.212696,8.11701408773731
0,9,0.1935483870967742,2,0,1,3,3,0.54,0.5152,0.886957,0.343943,7.904703913873747
0,9,0.22580645161290322,3,0,1,3,3,0.599167,0.544229,0.917083,0.0970208,7.59890045687141
0,9,0.25806451612903225,4,0,1,3,3,0.633913,0.555361,0.939565,0.192748,7.518607216815252
0,9,0.2903225806451613,5,0,1,3,2,0.65,0.578946,0.897917,0.124379,8.173011311724972
0,9,0.3225806451612903,6,0,0,3,1,0.66,0.607962,0.75375,0.153608,8.583916823459145
0,9,0.3548387096774194,0,0,0,3,1,0.653333,0.609229,0.71375,0.115054,8.526351129201004
0,9,0.3870967741935484,1,0,1,3,1,0.644348,0.60213,0.692174,0.088913,8.45807992692373
0,9,0.41935483870967744,2,0,1,3,1,0.650833,0.603554,0.7125,0.141804,8.46863300080086
0,9,0.45161290322580644,3,0,1,3,1,0.673333,0.6269,0.697083,0.1673,8.473241303887054
0,9,0.4838709677419355,4,0,1,3,2,0.5775,0.553671,0.709167,0.271146,8.204945165019208
0,9,0.5161290322580645,5,0,1,3,2,0.469167,0.461475,0.590417,0.164183,8.468002947225466
0,9,0.5483870967741935,6,0,0,3,2,0.491667,0.478512,0.718333,0.189675,8.414274137408396
0,9,0.5806451612903226,0,0,0,3,1,0.5075,0.490537,0.695,0.178483,8.360305435879093
0,9,0.6129032258064516,1,0,1,3,2,0.549167,0.529675,0.69,0.151742,8.420462002456466
0,9,0.6451612903225806,2,0,1,3,2,0.561667,0.532217,0.88125,0.134954,8.200013648175434
0,9,0.6774193548387096,3,0,1,3,2,0.595,0.550533,0.9,0.0964042,8.378390788535778
0,9,0.7096774193548387,4,0,1,3,2,0.628333,0.554963,0.902083,0.128125,8.475328987317539
0,9,0.7419354838709677,5,0,1,4,2,0.609167,0.522125,0.9725,0.0783667,7.781138509845015
0,9,0.7741935483870968,6,0,0,4,2,0.606667,0.564412,0.8625,0.0783833,8.59840444684106
0,9,0.8064516129032258,0,0,0,4,2,0.634167,0.572637,0.845,0.0503792,8.51919119407891
0,9,0.8387096774193549,1,0,1,4,2,0.649167,0.589042,0.848333,0.1107,8.440312147080279
0,9,0.8709677419354839,2,0,1,4,2,0.636667,0.574525,0.885417,0.118171,8.323608442343572
0,9,0.9032258064516129,3,0,1,4,2,0.635,0.575158,0.84875,0.148629,8.27052509505507
0,9,0.9354838709677419,4,0,1,4,1,0.616667,0.574512,0.699167,0.172883,8.48446336679332
0,9,0.967741935483871,5,0,1,4,1,0.564167,0.544829,0.6475,0.206475,8.556798446008598
0,10,0.03225806451612903,6,0,0,4,2,0.41,0.412863,0.75375,0.292296,7.795234929002173
0,10,0.06451612903225806,0,0,0,4,2,0.356667,0.345317,0.791667,0.222013,7.978653729082731
0,10,0.0967741935483871,1,0,1,4,2,0.384167,0.392046,0.760833,0.0833458,8.180320874773685
0,10,0.12903225806451613,2,0,1,4,1,0.484167,0.472858,0.71,0.205854,8.40200678160712
0,10,0.16129032258064516,3,0,1,4,1,0.538333,0.527138,0.647917,0.17725,8.481773246184977
0,10,0.1935483870967742,4,0,1,4,1,0.494167,0.480425,0.620833,0.134954,8.469052816088302
0,10,0.22580645161290322,5,0,1,4,1,0.510833,0.504404,0.684167,0.0223917,8.514188682395938
0,10,0.25806451612903225,6,0,0,4,1,0.521667,0.513242,0.70125,0.0454042,8.595819511871428
0,10,0.2903225806451613,0,0,0,4,1,0.540833,0.523983,0.7275,0.06345,8.614501373883236
0,10,0.3225806451612903,1,1,0,4,1,0.570833,0.542925,0.73375,0.0423042,8.540323608805092
0,10,0.3548387096774194,2,0,1,4,2,0.566667,0.546096,0.80875,0.143042,8.425735580927402
0,10,0.3870967741935484,3,0,1,4,3,0.543333,0.517717,0.90625,0.24815,7.789868559054706
0,10,0.41935483870967744,4,0,1,4,2,0.589167,0.551804,0.896667,0.141787,7.976938756959434
0,10,0.45161290322580644,5,0,1,4,2,0.550833,0.529675,0.71625,0.223883,8.200837258379849
0,10,0.4838709677419355,6,0,0,4,1,0.506667,0.498725,0.483333,0.258083,8.559677803022392
0,10,0.5161290322580645,0,0,0,4,1,0.511667,0.503154,0.486667,0.281717,8.525359754082631
0,10,0.5483870967741935,1,0,1,4,1,0.534167,0.510725,0.579583,0.175379,8.42726848388825
0,10,0.5806451612903226,2,0,1,4,2,0.5325,0.522721,0.701667,0.110087,8.465478755729558
0,10,0.6129032258064516,3,0,1,4,3,0.541739,0.513848,0.895217,0.243339,7.793174347189205
0,10,0.6451612903225806,4,0,1,4,1,0.475833,0.466525,0.63625,0.422275,8.341648618901306
0,10,0.6774193548387096,5,0,1,4,1,0.4275,0.423596,0.574167,0.221396,8.36730010184162
0,10,0.7096774193548387,6,0,0,4,1,0.4225,0.425492,0.629167,0.0926667,8.36822903827628
0,10,0.7419354838709677,0,0,0,4,1,0.421667,0.422333,0.74125,0.0995125,8.385032287813898
0,10,0.7741935483870968,1,0,1,4,1,0.463333,0.457067,0.772083,0.118792,8.339739766019143
0,10,0.8064516129032258,2,0,1,4,1,0.471667,0.463375,0.622917,0.166658,8.452547997922705
0,10,0.8387096774193549,3,0,1,4,2,0.484167,0.472846,0.720417,0.148642,8.267192185932146
0,10,0.8709677419354839,4,0,1,4,2,0.47,0.457046,0.812917,0.197763,7.88570539124302
0,10,0.9032258064516129,5,0,1,4,2,0.330833,0.318812,0.585833,0.229479,8.228710798793687
0,10,0.9354838709677419,6,0,0,4,3,0.254167,0.227913,0.8825,0.351371,6.440946540632921
0,10,0.967741935483871,0,0,0,4,1,0.319167,0.321329,0.62375,0.176617,8.11102783819368
0,10,1.0,1,0,1,4,1,0.34,0.356063,0.703333,0.10635,8.207674424355282
0,11,0.03225806451612903,2,0,1,4,1,0.400833,0.397088,0.68375,0.135571,8.31090675716845
0,11,0.06451612903225806,3,0,1,4,1,0.3775,0.390133,0.71875,0.0820917,8.339500903005945
0,11,0.0967741935483871,4,0,1,4,1,0.408333,0.405921,0.702083,0.136817,8.287528423111763
0,11,0.12903225806451613,5,0,1,4,2,0.403333,0.403392,0.6225,0.271779,8.305484017727691
0,11,0.16129032258064516,6,0,0,4,1,0.326667,0.323854,0.519167,0.189062,8.275376374836407
0,11,0.1935483870967742,0,0,0,4,1,0.348333,0.362358,0.734583,0.0920542,8.202208436436448
0,11,0.22580645161290322,1,0,1,4,1,0.395,0.400871,0.75875,0.057225,8.302761580704049
0,11,0.25806451612903225,2,0,1,4,1,0.408333,0.412246,0.721667,0.0690375,8.344029572407049
0,11,0.2903225806451613,3,0,1,4,1,0.4,0.409079,0.758333,0.0621958,8.32093496888341
0,11,0.3225806451612903,4,0,1,4,2,0.38,0.373721,0.813333,0.189067,7.983781068977451
0,11,0.3548387096774194,5,1,0,4,1,0.324167,0.306817,0.44625,0.314675,8.122074375362217
0,11,0.3870967741935484,6,0,0,4,1,0.356667,0.357942,0.552917,0.212062,8.310660905907225
0,11,0.41935483870967744,0,0,0,4,1,0.440833,0.43055,0.458333,0.281721,8.220672170297252
0,11,0.45161290322580644,1,0,1,4,1,0.53,0.524612,0.587083,0.306596,8.408716715080153
0,11,0.4838709677419355,2,0,1,4,2,0.53,0.507579,0.68875,0.199633,8.341648618901306
0,11,0.5161290322580645,3,0,1,4,3,0.456667,0.451988,0.93,0.136829,7.504942068396171
0,11,0.5483870967741935,4,0,1,4,2,0.341667,0.323221,0.575833,0.305362,8.023879992734878
0,11,0.5806451612903226,5,0,1,4,1,0.274167,0.272721,0.41,0.168533,8.129174996911793
0,11,0.6129032258064516,6,0,0,4,1,0.329167,0.324483,0.502083,0.224496,8.206037762778815
0,11,0.6451612903225806,0,0,0,4,2,0.463333,0.457058,0.684583,0.18595,8.166216268592143
0,11,0.6774193548387096,1,0,1,4,3,0.4475,0.445062,0.91,0.138054,7.9247959139564355
0,11,0.7096774193548387,2,0,1,4,3,0.416667,0.421696,0.9625,0.118792,7.382124365737512
0,11,0.7419354838709677,3,0,1,4,2,0.440833,0.430537,0.757917,0.335825,7.850103545175582
0,11,0.7741935483870968,4,1,0,4,1,0.373333,0.372471,0.549167,0.167304,7.3098814858247865
0,11,0.8064516129032258,5,0,1,4,1,0.375,0.380671,0.64375,0.0988958,7.934513463882263
0,11,0.8387096774193549,6,0,0,4,1,0.375833,0.385087,0.681667,0.0684208,8.028781162487148
0,11,0.8709677419354839,0,0,0,4,1,0.459167,0.4558,0.698333,0.208954,8.029758520440822
0,11,0.9032258064516129,1,0,1,4,1,0.503478,0.490122,0.743043,0.142122,8.260234291607297
0,11,0.9354838709677419,2,0,1,4,2,0.458333,0.451375,0.830833,0.258092,7.97728198675515
0,11,0.967741935483871,3,0,1,4,1,0.325,0.311221,0.613333,0.271158,8.19229373114764
0,12,0.03225806451612903,4,0,1,4,1,0.3125,0.305554,0.524583,0.220158,8.223358899479258
0,12,0.06451612903225806,5,0,1,4,1,0.314167,0.331433,0.625833,0.100754,8.27893600229198
0,12,0.0967741935483871,6,0,0,4,1,0.299167,0.310604,0.612917,0.0957833,8.192570471152173
0,12,0.12903225806451613,0,0,0,4,1,0.330833,0.3491,0.775833,0.0839583,8.156223323194624
0,12,0.16129032258064516,1,0,1,4,2,0.385833,0.393925,0.827083,0.0622083,8.24564690087386
0,12,0.1935483870967742,2,0,1,4,3,0.4625,0.4564,0.949583,0.232583,7.860956364876389
0,12,0.22580645161290322,3,0,1,4,3,0.41,0.400246,0.970417,0.266175,6.558197802812269
0,12,0.25806451612903225,4,0,1,4,1,0.265833,0.256938,0.58,0.240058,8.10832229017324
0,12,0.2903225806451613,5,0,1,4,1,0.290833,0.317542,0.695833,0.0827167,8.194229304819817
0,12,0.3225806451612903,6,0,0,4,1,0.275,0.266412,0.5075,0.233221,8.06777619577889
0,12,0.3548387096774194,0,0,0,4,1,0.220833,0.253154,0.49,0.0665417,7.916807490937603
0,12,0.3870967741935484,1,0,1,4,1,0.238333,0.270196,0.670833,0.06345,8.104703468371108
0,12,0.41935483870967744,2,0,1,4,1,0.2825,0.301138,0.59,0.14055,8.167068178341237
0,12,0.45161290322580644,3,0,1,4,2,0.3175,0.338362,0.66375,0.0609583,8.226840890408578
0,12,0.4838709677419355,4,0,1,4,2,0.4225,0.412237,0.634167,0.268042,8.21851757748959
0,12,0.5161290322580645,5,0,1,4,2,0.375,0.359825,0.500417,0.260575,8.182279739259018
0,12,0.5483870967741935,6,0,0,4,2,0.258333,0.249371,0.560833,0.243167,7.915348169263078
0,12,0.5806451612903226,0,0,0,4,1,0.238333,0.245579,0.58625,0.169779,7.796057974316123
0,12,0.6129032258064516,1,0,1,4,1,0.276667,0.280933,0.6375,0.172896,8.132412674500905
0,12,0.6451612903225806,2,0,1,4,2,0.385833,0.396454,0.595417,0.0615708,8.229511118964457
0,12,0.6774193548387096,3,0,1,1,2,0.428333,0.428017,0.858333,0.2214,7.886081401775745
0,12,0.7096774193548387,4,0,1,1,2,0.423333,0.426121,0.7575,0.047275,8.028781162487148
0,12,0.7419354838709677,5,0,1,1,1,0.373333,0.377513,0.68625,0.274246,7.700295203420117
0,12,0.7741935483870968,6,0,0,1,1,0.3025,0.299242,0.5425,0.190304,6.918695219020472
0,12,0.8064516129032258,0,0,0,1,1,0.274783,0.279961,0.681304,0.155091,6.625392368007956
0,12,0.8387096774193549,1,1,0,1,1,0.321739,0.315535,0.506957,0.239465,7.183111701743281
0,12,0.8709677419354839,2,0,1,1,2,0.325,0.327633,0.7625,0.18845,7.057897937411856
0,12,0.9032258064516129,3,0,1,1,1,0.29913,0.279974,0.503913,0.293961,7.741533589281828
0,12,0.9354838709677419,4,0,1,1,1,0.248333,0.263892,0.574167,0.119412,7.792761720816526
0,12,0.967741935483871,5,0,1,1,1,0.311667,0.318812,0.636667,0.134337,8.00603417874901
0,12,1.0,6,0,0,1,1,0.41,0.414121,0.615833,0.220154,7.818027938530729
1,1,0.03225806451612903,0,0,0,1,1,0.37,0.375621,0.6925,0.192167,7.738052297689316
1,1,0.06451612903225806,1,1,0,1,1,0.273043,0.252304,0.381304,0.329665,7.576097340623111
1,1,0.0967741935483871,2,0,1,1,1,0.15,0.126275,0.44125,0.365671,7.71244383427499
1,1,0.12903225806451613,3,0,1,1,2,0.1075,0.119337,0.414583,0.1847,7.769800996003896
1,1,0.16129032258064516,4,0,1,1,1,0.265833,0.278412,0.524167,0.129987,8.093156697722637
1,1,0.1935483870967742,5,0,1,1,1,0.334167,0.340267,0.542083,0.167908,8.318254328798846
1,1,0.22580645161290322,6,0,0,1,1,0.393333,0.390779,0.531667,0.174758,8.416488487294606
1,1,0.25806451612903225,0,0,0,1,1,0.3375,0.340258,0.465,0.191542,8.138856750696325
1,1,0.2903225806451613,1,0,1,1,2,0.224167,0.247479,0.701667,0.0989,7.773173680482536
1,1,0.3225806451612903,2,0,1,1,1,0.308696,0.318826,0.646522,0.187552,8.188133414510478
1,1,0.3548387096774194,3,0,1,1,2,0.274167,0.282821,0.8475,0.131221,7.685703061234547
1,1,0.3870967741935484,4,0,1,1,2,0.3825,0.381938,0.802917,0.180967,8.318010277546872
1,1,0.41935483870967744,5,0,1,1,1,0.274167,0.249362,0.5075,0.378108,8.075271546297458
1,1,0.45161290322580644,6,0,0,1,1,0.18,0.183087,0.4575,0.187183,7.821242083523558
1,1,0.4838709677419355,0,0,0,1,1,0.166667,0.161625,0.419167,0.251258,7.745435610274381
1,1,0.5161290322580645,1,1,0,1,1,0.19,0.190663,0.5225,0.231358,7.739794458408701
1,1,0.5483870967741935,2,0,1,1,2,0.373043,0.364278,0.716087,0.34913,7.984462732262196
1,1,0.5806451612903226,3,0,1,1,1,0.303333,0.275254,0.443333,0.415429,8.124446855715847
1,1,0.6129032258064516,4,0,1,1,1,0.19,0.190038,0.4975,0.220158,8.09925056179696
1,1,0.6451612903225806,5,0,1,1,2,0.2175,0.220958,0.45,0.20275,8.059276223305648
1,1,0.6774193548387096,6,0,0,1,2,0.173333,0.174875,0.83125,0.222642,7.170888478512505
1,1,0.7096774193548387,0,0,0,1,2,0.1625,0.16225,0.79625,0.199638,7.589335823170617
1,1,0.7419354838709677,1,0,1,1,2,0.218333,0.243058,0.91125,0.110708,7.796469243086058
1,1,0.7741935483870968,2,0,1,1,1,0.3425,0.349108,0.835833,0.123767,8.37539918579835
1,1,0.8064516129032258,3,0,1,1,1,0.294167,0.294821,0.64375,0.161071,8.35936910622267
1,1,0.8387096774193549,4,0,1,1,2,0.341667,0.35605,0.769583,0.0733958,8.312626025674962
1,1,0.8709677419354839,5,0,1,1,2,0.425,0.415383,0.74125,0.342667,8.147867129923947
1,1,0.9032258064516129,6,0,0,1,1,0.315833,0.326379,0.543333,0.210829,8.299783171949787
1,1,0.9354838709677419,0,0,0,1,1,0.2825,0.272721,0.31125,0.24005,8.084254106307318
1,1,0.967741935483871,1,0,1,1,1,0.269167,0.262625,0.400833,0.215792,8.19533366716287
1,1,1.0,2,0,1,1,1,0.39,0.381317,0.416667,0.261817,8.413830678421084
1,2,0.03225806451612903,3,0,1,1,1,0.469167,0.466538,0.507917,0.189067,8.429235912657095
1,2,0.06451612903225806,4,0,1,1,2,0.399167,0.398971,0.672917,0.187187,8.232440158470336
1,2,0.0967741935483871,5,0,1,1,1,0.313333,0.309346,0.526667,0.178496,8.33110454805304
1,2,0.12903225806451613,6,0,0,1,2,0.264167,0.272725,0.779583,0.121896,7.94873845481361
1,2,0.16129032258064516,0,0,0,1,2,0.265833,0.264521,0.687917,0.175996,7.988542982737695
1,2,0.1935483870967742,1,0,1,1,1,0.282609,0.296426,0.622174,0.1538,8.238536930171769
1,2,0.22580645161290322,2,0,1,1,1,0.354167,0.361104,0.49625,0.147379,8.383661798791715
1,2,0.25806451612903225,3,0,1,1,2,0.256667,0.266421,0.722917,0.133721,7.938088726896952
1,2,0.2903225806451613,4,0,1,1,1,0.265,0.261988,0.562083,0.194037,8.250620082174692
1,2,0.3225806451612903,5,0,1,1,2,0.280833,0.293558,0.54,0.116929,8.25088114470065
1,2,0.3548387096774194,6,0,0,1,3,0.224167,0.210867,0.73125,0.289796,7.682021510826875
1,2,0.3870967741935484,0,0,0,1,1,0.1275,0.101658,0.464583,0.409212,7.332369205929062
1,2,0.41935483870967744,1,0,1,1,1,0.2225,0.227913,0.41125,0.167283,8.137980454452139
1,2,0.45161290322580644,2,0,1,1,2,0.319167,0.333946,0.50875,0.141179,8.274357006756292
1,2,0.4838709677419355,3,0,1,1,1,0.348333,0.351629,0.53125,0.1816,8.335431477880796
1,2,0.5161290322580645,4,0,1,1,2,0.316667,0.330162,0.752917,0.091425,8.008032846969307
1,2,0.5483870967741935,5,0,1,1,1,0.343333,0.351629,0.634583,0.205846,8.331827004436057
1,2,0.5806451612903226,6,0,0,1,1,0.346667,0.355425,0.534583,0.190929,8.370547611074752
1,2,0.6129032258064516,0,0,0,1,2,0.28,0.265788,0.515833,0.253112,7.896924656268864
1,2,0.6451612903225806,1,1,0,1,1,0.28,0.273391,0.507826,0.229083,8.048468743668883
1,2,0.6774193548387096,2,0,1,1,1,0.287826,0.295113,0.594348,0.205717,8.236685322712457
1,2,0.7096774193548387,3,0,1,1,1,0.395833,0.392667,0.567917,0.234471,8.470730317005897
1,2,0.7419354838709677,4,0,1,1,1,0.454167,0.444446,0.554583,0.190913,8.529516941105069
1,2,0.7741935483870968,5,0,1,1,2,0.4075,0.410971,0.7375,0.237567,8.156797046675651
1,2,0.8064516129032258,6,0,0,1,1,0.290833,0.255675,0.395833,0.421642,7.912789220690681
1,2,0.8387096774193549,0,0,0,1,1,0.279167,0.268308,0.41,0.205229,8.128290171607052
1,2,0.8709677419354839,1,0,1,1,1,0.366667,0.357954,0.490833,0.268033,8.371473537066832
1,2,0.9032258064516129,2,0,1,1,1,0.359167,0.353525,0.395833,0.193417,8.38091517312361
1,2,0.9354838709677419,3,0,1,1,2,0.344348,0.34847,0.804783,0.179117,7.51425465281641
1,3,0.03225806451612903,4,0,1,1,1,0.485833,0.475371,0.615417,0.226987,8.515191188745565
1,3,0.06451612903225806,5,0,1,1,2,0.353333,0.359842,0.657083,0.144904,8.069029328774958
1,3,0.0967741935483871,6,0,0,1,2,0.414167,0.413492,0.62125,0.161079,8.310414994188292
1,3,0.12903225806451613,0,0,0,1,1,0.325833,0.303021,0.403333,0.334571,8.138272638530186
1,3,0.16129032258064516,1,0,1,1,1,0.243333,0.241171,0.50625,0.228858,8.11162807830774
1,3,0.1935483870967742,2,0,1,1,1,0.258333,0.255042,0.456667,0.200875,8.282988692742602
1,3,0.22580645161290322,3,0,1,1,1,0.404167,0.3851,0.513333,0.345779,8.500250470685925
1,3,0.25806451612903225,4,0,1,1,1,0.5275,0.524604,0.5675,0.441563,8.590815331286851
1,3,0.2903225806451613,5,0,1,1,2,0.410833,0.397083,0.407083,0.4148,8.427049641563272
1,3,0.3225806451612903,6,0,0,1,1,0.2875,0.277767,0.350417,0.22575,8.323122887587735
1,3,0.3548387096774194,0,0,0,1,1,0.361739,0.35967,0.476957,0.222587,8.499232866039245
1,3,0.3870967741935484,1,0,1,1,1,0.466667,0.459592,0.489167,0.207713,8.575084669832014
1,3,0.41935483870967744,2,0,1,1,1,0.565,0.542929,0.6175,0.23695,8.67368398817567
1,3,0.45161290322580644,3,0,1,1,1,0.5725,0.548617,0.507083,0.115062,8.750207862525711
1,3,0.4838709677419355,4,0,1,1,1,0.5575,0.532825,0.579583,0.149883,8.731013415269564
1,3,0.5161290322580645,5,0,1,1,2,0.435833,0.436229,0.842083,0.113192,8.384347278082808
1,3,0.5483870967741935,6,0,0,1,2,0.514167,0.505046,0.755833,0.110704,8.966483779064431
1,3,0.5806451612903226,0,0,0,1,2,0.4725,0.464,0.81,0.126883,8.681350777582521
1,3,0.6129032258064516,1,0,1,1,1,0.545,0.532821,0.72875,0.162317,8.724695046740491
1,3,0.6451612903225806,2,0,1,1,1,0.560833,0.538533,0.807917,0.121271,8.714895850248494
1,3,0.6774193548387096,3,0,1,2,2,0.531667,0.513258,0.82125,0.0895583,8.737131611781498
1,3,0.7096774193548387,4,0,1,2,1,0.554167,0.531567,0.83125,0.117562,8.835064935031076
1,3,0.7419354838709677,5,0,1,2,2,0.601667,0.570067,0.694167,0.1163,9.03145291191651
1,3,0.7741935483870968,6,0,0,2,2,0.5025,0.486733,0.885417,0.192783,8.123261319121745
1,3,0.8064516129032258,0,0,0,2,2,0.4375,0.437488,0.880833,0.220775,8.516392871245468
1,3,0.8387096774193549,1,0,1,2,1,0.445833,0.43875,0.477917,0.386821,8.62299361030245
1,3,0.8709677419354839,2,0,1,2,1,0.323333,0.315654,0.29,0.187192,8.537387898701757
1,3,0.9032258064516129,3,0,1,2,1,0.484167,0.47095,0.48125,0.291671,8.647870515057853
1,3,0.9354838709677419,4,0,1,2,1,0.494167,0.482304,0.439167,0.31965,8.721439305625983
1,3,0.967741935483871,5,0,1,2,2,0.37,0.375621,0.580833,0.138067,8.605020901781758
1,3,1.0,6,0,0,2,2,0.424167,0.421708,0.738333,0.250617,8.737933858114136
1,4,0.03225806451612903,0,0,0,2,2,0.425833,0.417287,0.67625,0.172267,8.706324840138741
1,4,0.06451612903225806,1,0,1,2,1,0.433913,0.427513,0.504348,0.312139,8.688790784847216
1,4,0.0967741935483871,2,0,1,2,1,0.466667,0.461483,0.396667,0.100133,8.820551743253025
1,4,0.12903225806451613,3,0,1,2,1,0.541667,0.53345,0.469583,0.180975,8.769662508112274
1,4,0.16129032258064516,4,0,1,2,1,0.435,0.431163,0.374167,0.219529,8.772920092626467
1,4,0.1935483870967742,5,0,1,2,1,0.403333,0.390767,0.377083,0.300388,8.773384596776648
1,4,0.22580645161290322,6,0,0,2,1,0.4375,0.426129,0.254167,0.274871,8.833025307284364
1,4,0.25806451612903225,0,0,0,2,1,0.5,0.492425,0.275833,0.232596,8.550434525196039
1,4,0.2903225806451613,1,0,1,2,1,0.489167,0.476638,0.3175,0.358196,8.6278397115033
1,4,0.3225806451612903,2,0,1,2,1,0.446667,0.436233,0.435,0.249375,8.685753832960154
1,4,0.3548387096774194,3,0,1,2,1,0.348696,0.337274,0.469565,0.295274,8.48920515487607
1,4,0.3870967741935484,4,0,1,2,1,0.3975,0.387604,0.46625,0.290429,8.595819511871428
1,4,0.41935483870967744,5,0,1,2,1,0.4425,0.431808,0.408333,0.155471,8.763740720509464
1,4,0.45161290322580644,6,0,0,2,1,0.495,0.487996,0.502917,0.190917,8.917310693197807
1,4,0.4838709677419355,0,0,0,2,1,0.606667,0.573875,0.507917,0.225129,8.872346978983032
1,4,0.5161290322580645,1,1,0,2,1,0.664167,0.614925,0.561667,0.284829,8.759354748566208
1,4,0.5483870967741935,2,0,1,2,1,0.608333,0.598487,0.390417,0.273629,8.808518618782816
1,4,0.5806451612903226,3,0,1,2,2,0.463333,0.457038,0.569167,0.167912,8.381831553485561
1,4,0.6129032258064516,4,0,1,2,1,0.498333,0.493046,0.6125,0.0659292,8.789507786736896
1,4,0.6451612903225806,5,0,1,2,1,0.526667,0.515775,0.694583,0.149871,8.894258825002703
1,4,0.6774193548387096,6,0,0,2,1,0.57,0.542921,0.682917,0.283587,8.798454696065095
1,4,0.7096774193548387,0,0,0,2,3,0.396667,0.389504,0.835417,0.344546,6.934397209928558
1,4,0.7419354838709677,1,0,1,2,2,0.321667,0.301125,0.766667,0.303496,8.075271546297458
1,4,0.7741935483870968,2,0,1,2,1,0.413333,0.405283,0.454167,0.249383,8.636397438894713
1,4,0.8064516129032258,3,0,1,2,1,0.476667,0.470317,0.427917,0.118792,8.73165920153676
1,4,0.8387096774193549,4,0,1,2,2,0.498333,0.483583,0.756667,0.176625,8.522379718103538
1,4,0.8709677419354839,5,0,1,2,1,0.4575,0.452637,0.400833,0.347633,8.73761303680885
1,4,0.9032258064516129,6,0,0,2,2,0.376667,0.377504,0.489583,0.129975,8.347590407030058
1,4,0.9354838709677419,0,0,0,2,1,0.458333,0.450121,0.587083,0.116908,8.748939631537715
1,4,0.967741935483871,1,0,1,2,2,0.464167,0.457696,0.57,0.171638,8.625509334899697
1,5,0.03225806451612903,2,0,1,2,2,0.613333,0.577021,0.659583,0.156096,8.655214489313613
1,5,0.06451612903225806,3,0,1,2,1,0.564167,0.537896,0.797083,0.138058,8.72729202920964
1,5,0.0967741935483871,4,0,1,2,2,0.56,0.537242,0.768333,0.133696,8.76732914779405
1,5,0.12903225806451613,5,0,1,2,1,0.6275,0.590917,0.735417,0.162938,8.74766979009724
1,5,0.16129032258064516,6,0,0,2,2,0.621667,0.584608,0.756667,0.152992,8.836809882398365
1,5,0.1935483870967742,0,0,0,2,2,0.5625,0.546737,0.74,0.149879,8.757626411267408
1,5,0.22580645161290322,1,0,1,2,2,0.5375,0.527142,0.664167,0.230721,8.744009988096744
1,5,0.25806451612903225,2,0,1,2,2,0.581667,0.557471,0.685833,0.296029,8.653121708640482
1,5,0.2903225806451613,3,0,1,2,2,0.575,0.553025,0.744167,0.216412,8.458928283284262
1,5,0.3225806451612903,4,0,1,2,1,0.505833,0.491783,0.552083,0.314063,8.790573479157159
1,5,0.3548387096774194,5,0,1,2,1,0.533333,0.520833,0.360417,0.236937,8.857941984804711
1,5,0.3870967741935484,6,0,0,2,1,0.564167,0.544817,0.480417,0.123133,8.913146539151807
1,5,0.41935483870967744,0,0,0,2,1,0.6125,0.585238,0.57625,0.225117,8.718990524710849
1,5,0.45161290322580644,1,0,1,2,2,0.573333,0.5499,0.789583,0.212692,7.952615111651
1,5,0.4838709677419355,2,0,1,2,2,0.611667,0.576404,0.794583,0.147392,8.539932678385727
1,5,0.5161290322580645,3,0,1,2,1,0.636667,0.595975,0.697917,0.122512,8.912473274466036
1,5,0.5483870967741935,4,0,1,2,1,0.593333,0.572613,0.52,0.229475,8.907070776182689
1,5,0.5806451612903226,5,0,1,2,1,0.564167,0.551121,0.523333,0.136817,8.94102198354136
1,5,0.6129032258064516,6,0,0,2,1,0.6,0.566908,0.45625,0.083975,9.023287640806327
1,5,0.6451612903225806,0,0,0,2,1,0.620833,0.583967,0.530417,0.254367,8.871926251117628
1,5,0.6774193548387096,1,0,1,2,2,0.598333,0.565667,0.81125,0.233204,8.379997952238393
1,5,0.7096774193548387,2,0,1,2,2,0.615,0.580825,0.765833,0.118167,8.711607995897575
1,5,0.7419354838709677,3,0,1,2,2,0.621667,0.584612,0.774583,0.102,8.567886305731756
1,5,0.7741935483870968,4,0,1,2,1,0.655,0.6067,0.716667,0.172896,8.820256365906321
1,5,0.8064516129032258,5,0,1,2,1,0.68,0.627529,0.747083,0.14055,8.814924599721019
1,5,0.8387096774193549,6,0,0,2,1,0.6925,0.642696,0.7325,0.198992,8.785080636539838
1,5,0.8709677419354839,0,0,0,2,1,0.69,0.641425,0.697083,0.215171,8.79346036105272
1,5,0.9032258064516129,1,1,0,2,1,0.7125,0.6793,0.67625,0.196521,8.706655856361559
1,5,0.9354838709677419,2,0,1,2,1,0.7225,0.672992,0.684583,0.2954,8.655737000864297
1,5,0.967741935483871,3,0,1,2,2,0.656667,0.611129,0.67,0.134329,8.832733591996416
1,5,1.0,4,0,1,2,1,0.68,0.631329,0.492917,0.195279,8.900821604915228
1,6,0.03225806451612903,5,0,1,2,2,0.654167,0.607962,0.755417,0.237563,8.325306029752582
1,6,0.06451612903225806,6,0,0,2,1,0.583333,0.566288,0.549167,0.186562,9.002085433155724
1,6,0.0967741935483871,0,0,0,2,1,0.6025,0.575133,0.493333,0.184087,8.941283763647567
1,6,0.12903225806451613,1,0,1,2,1,0.5975,0.578283,0.487083,0.284833,8.853379672927634
1,6,0.16129032258064516,2,0,1,2,2,0.540833,0.525892,0.613333,0.209575,8.853808274977197
1,6,0.1935483870967742,3,0,1,2,1,0.554167,0.542292,0.61125,0.077125,8.861491864286915
1,6,0.22580645161290322,4,0,1,2,1,0.6025,0.569442,0.567083,0.15735,8.921857979353632
1,6,0.25806451612903225,5,0,1,2,1,0.649167,0.597862,0.467917,0.175383,8.95364003713313
1,6,0.2903225806451613,6,0,0,2,1,0.710833,0.648367,0.437083,0.144287,8.922391597295857
1,6,0.3225806451612903,0,0,0,2,1,0.726667,0.663517,0.538333,0.133721,8.794521851788527
1,6,0.3548387096774194,1,0,1,2,2,0.720833,0.659721,0.587917,0.207713,8.804475183846678
1,6,0.3870967741935484,2,0,1,2,2,0.653333,0.597875,0.833333,0.214546,8.511577452630602
1,6,0.41935483870967744,3,0,1,2,1,0.655833,0.611117,0.582083,0.343279,8.912069097970134
1,6,0.45161290322580644,4,0,1,2,1,0.648333,0.624383,0.569583,0.253733,8.904222737368716
1,6,0.4838709677419355,5,0,1,2,1,0.639167,0.599754,0.589583,0.176617,8.944419791305915
1,6,0.5161290322580645,6,0,0,2,1,0.631667,0.594708,0.504167,0.166667,8.949235314374855
1,6,0.5483870967741935,0,0,0,2,1,0.5925,0.571975,0.59875,0.144904,8.85051762174672
1,6,0.5806451612903226,1,0,1,2,2,0.568333,0.544842,0.777917,0.174746,8.536799721055155
1,6,0.6129032258064516,2,0,1,2,1,0.688333,0.654692,0.69,0.148017,8.82834762005316
1,6,0.6451612903225806,3,0,1,2,1,0.7825,0.720975,0.592083,0.113812,8.734077192559303
1,6,0.6774193548387096,4,0,1,3,1,0.805833,0.752542,0.567917,0.118787,8.683554728631462
1,6,0.7096774193548387,5,0,1,3,1,0.7775,0.724121,0.57375,0.182842,8.66957087183712
1,6,0.7419354838709677,6,0,0,3,1,0.731667,0.652792,0.534583,0.179721,8.917042560738766
1,6,0.7741935483870968,0,0,0,3,1,0.743333,0.674254,0.479167,0.145525,8.837971491357209
1,6,0.8064516129032258,1,0,1,3,1,0.715833,0.654042,0.504167,0.300383,8.821584877430965
1,6,0.8387096774193549,2,0,1,3,1,0.630833,0.594704,0.373333,0.347642,8.914894908906568
1,6,0.8709677419354839,3,0,1,3,1,0.6975,0.640792,0.36,0.271775,8.900412690577083
1,6,0.9032258064516129,4,0,1,3,1,0.749167,0.675512,0.4225,0.17165,8.836228571526014
1,6,0.9354838709677419,5,0,1,3,1,0.834167,0.786613,0.48875,0.165417,8.605753368395717
1,6,0.967741935483871,6,0,0,3,1,0.765,0.687508,0.60125,0.161071,8.645938147306799
1,7,0.03225806451612903,0,0,0,3,1,0.815833,0.750629,0.51875,0.168529,8.618123909994678
1,7,0.06451612903225806,1,0,1,3,1,0.781667,0.702038,0.447083,0.195267,8.736649954872451
1,7,0.0967741935483871,2,0,1,3,1,0.780833,0.70265,0.492083,0.126237,8.803874763534434
1,7,0.12903225806451613,3,1,0,3,1,0.789167,0.732337,0.53875,0.13495,8.909640602443098
1,7,0.16129032258064516,4,0,1,3,1,0.8275,0.761367,0.457917,0.194029,8.738895704934043
1,7,0.1935483870967742,5,0,1,3,1,0.828333,0.752533,0.450833,0.146142,8.733432966413652
1,7,0.22580645161290322,6,0,0,3,1,0.861667,0.804913,0.492083,0.163554,8.484669999710677
1,7,0.25806451612903225,0,0,0,3,1,0.8225,0.790396,0.57375,0.125629,8.449342524508063
1,7,0.2903225806451613,1,0,1,3,2,0.710833,0.654054,0.683333,0.180975,8.790116892892472
1,7,0.3225806451612903,2,0,1,3,2,0.720833,0.664796,0.6675,0.151737,8.746716349694486
1,7,0.3548387096774194,3,0,1,3,1,0.716667,0.650271,0.633333,0.151733,8.890685920281129
1,7,0.3870967741935484,4,0,1,3,1,0.715833,0.654683,0.529583,0.146775,8.915432254432663
1,7,0.41935483870967744,5,0,1,3,2,0.731667,0.667933,0.485833,0.08085,8.92252495730139
1,7,0.45161290322580644,6,0,0,3,2,0.703333,0.666042,0.699167,0.143679,8.84922702143852
1,7,0.4838709677419355,0,0,0,3,1,0.745833,0.705196,0.717917,0.166667,8.704668113450987
1,7,0.5161290322580645,1,0,1,3,1,0.763333,0.724125,0.645,0.164187,8.829079952564836
1,7,0.5483870967741935,2,0,1,3,1,0.818333,0.755683,0.505833,0.114429,8.822616945344176
1,7,0.5806451612903226,3,0,1,3,1,0.793333,0.745583,0.577083,0.137442,8.650499558724462
1,7,0.6129032258064516,4,0,1,3,1,0.77,0.714642,0.600417,0.165429,8.79346036105272
1,7,0.6451612903225806,5,0,1,3,2,0.665833,0.613025,0.844167,0.208967,8.677609912822142
1,7,0.6774193548387096,6,0,0,3,3,0.595833,0.549912,0.865417,0.2133,8.402679804627477
1,7,0.7096774193548387,0,0,0,3,2,0.6675,0.623125,0.7625,0.0939208,8.910585718290132
1,7,0.7419354838709677,1,0,1,3,1,0.741667,0.690017,0.694167,0.138683,8.848796450925947
1,7,0.7741935483870968,2,0,1,3,1,0.750833,0.70645,0.655,0.211454,8.934850340289763
1,7,0.8064516129032258,3,0,1,3,1,0.724167,0.654054,0.45,0.1648,9.00859131751613
1,7,0.8387096774193549,4,0,1,3,1,0.776667,0.739263,0.596667,0.284813,8.833608482690892
1,7,0.8709677419354839,5,0,1,3,1,0.781667,0.734217,0.594583,0.152992,8.839856232763264
1,7,0.9032258064516129,6,0,0,3,1,0.755833,0.697604,0.613333,0.15735,8.807621489536043
1,7,0.9354838709677419,0,0,0,3,1,0.721667,0.667933,0.62375,0.170396,8.794370279222871
1,7,0.967741935483871,1,0,1,3,1,0.730833,0.684987,0.66875,0.153617,8.868554040531201
1,7,1.0,2,0,1,3,1,0.713333,0.662896,0.704167,0.165425,8.88405606174246
1,8,0.03225806451612903,3,0,1,3,1,0.7175,0.667308,0.6775,0.141179,8.933268478636418
1,8,0.06451612903225806,4,0,1,3,1,0.7525,0.707088,0.659583,0.129354,8.890272839380247
1,8,0.0967741935483871,5,0,1,3,2,0.765833,0.722867,0.6425,0.215792,8.878358040627822
1,8,0.12903225806451613,6,0,0,3,1,0.793333,0.751267,0.613333,0.257458,8.828201089171515
1,8,0.16129032258064516,0,0,0,3,1,0.769167,0.731079,0.6525,0.290421,8.605936401250625
1,8,0.1935483870967742,1,0,1,3,2,0.7525,0.710246,0.654167,0.129354,8.85552084853691
1,8,0.22580645161290322,2,0,1,3,2,0.735833,0.697621,0.70375,0.116908,8.89192414015454
1,8,0.25806451612903225,3,0,1,3,2,0.75,0.707717,0.672917,0.1107,8.927181388251986
1,8,0.2903225806451613,4,0,1,3,1,0.755833,0.699508,0.620417,0.1561,8.89370997756851
1,8,0.3225806451612903,5,0,1,3,2,0.715833,0.667942,0.715833,0.238813,8.66319648553608
1,8,0.3548387096774194,6,0,0,3,2,0.6925,0.638267,0.732917,0.206479,8.74814616962193
1,8,0.3870967741935484,0,0,0,3,1,0.700833,0.644579,0.530417,0.122512,8.786303878282583
1,8,0.41935483870967744,1,0,1,3,1,0.720833,0.662254,0.545417,0.136212,8.836809882398365
1,8,0.45161290322580644,2,0,1,3,1,0.726667,0.676779,0.686667,0.169158,8.822322177471738
1,8,0.4838709677419355,3,0,1,3,1,0.706667,0.654037,0.619583,0.169771,8.902047345620277
1,8,0.5161290322580645,4,0,1,3,1,0.719167,0.654688,0.519167,0.141796,8.936561204693394
1,8,0.5483870967741935,5,0,1,3,1,0.723333,0.2424,0.570833,0.231354,8.87458787627932
1,8,0.5806451612903226,6,0,0,3,1,0.678333,0.618071,0.603333,0.177867,8.970177815492379
1,8,0.6129032258064516,0,0,0,3,2,0.635833,0.603554,0.711667,0.08645,8.422662707570003
1,8,0.6451612903225806,1,0,1,3,2,0.635833,0.595967,0.734167,0.129979,8.784162222270476
1,8,0.6774193548387096,2,0,1,3,1,0.649167,0.601025,0.67375,0.0727708,8.854522203757432
1,8,0.7096774193548387,3,0,1,3,1,0.6675,0.621854,0.677083,0.0702833,8.905851181208021
1,8,0.7419354838709677,4,0,1,3,1,0.695833,0.637008,0.635833,0.0845958,8.957381735582787
1,8,0.7741935483870968,5,0,1,3,2,0.7025,0.6471,0.615,0.0721458,8.93353229607628
1,8,0.8064516129032258,6,0,0,3,2,0.661667,0.618696,0.712917,0.244408,8.708309295891688
1,8,0.8387096774193549,0,0,0,3,2,0.653333,0.595996,0.845833,0.228858,8.566935283311052
1,8,0.8709677419354839,1,0,1,3,1,0.703333,0.654688,0.730417,0.128733,8.841737428600585
1,8,0.9032258064516129,2,0,1,3,1,0.728333,0.66605,0.62,0.190925,8.859363449152088
1,8,0.9354838709677419,3,0,1,3,1,0.685,0.635733,0.552083,0.112562,8.948585921534317
1,8,0.967741935483871,4,0,1,3,1,0.706667,0.652779,0.590417,0.0771167,8.950662495933999
1,8,1.0,5,0,1,3,1,0.764167,0.6894,0.5875,0.168533,8.902455592206882
1,9,0.03225806451612903,6,0,0,3,2,0.753333,0.702654,0.638333,0.113187,8.722580021141189
1,9,0.06451612903225806,0,0,0,3,2,0.696667,0.649,0.815,0.0640708,8.667335849845957
1,9,0.0967741935483871,1,1,0,3,1,0.7075,0.661629,0.790833,0.151121,8.705165419719007
1,9,0.12903225806451613,2,0,1,3,1,0.725833,0.686888,0.755,0.236321,8.834045641167798
1,9,0.16129032258064516,3,0,1,3,1,0.736667,0.708983,0.74125,0.187808,8.86953877719374
1,9,0.1935483870967742,4,0,1,3,2,0.696667,0.655329,0.810417,0.142421,8.732788324973118
1,9,0.22580645161290322,5,0,1,3,1,0.703333,0.657204,0.73625,0.171646,8.92319149068606
1,9,0.25806451612903225,6,0,0,3,2,0.659167,0.611121,0.799167,0.281104,8.695506726812653
1,9,0.2903225806451613,0,0,0,3,1,0.61,0.578925,0.5475,0.224496,9.01517670716893
1,9,0.3225806451612903,1,0,1,3,1,0.583333,0.565654,0.50375,0.258713,8.925986089617076
1,9,0.3548387096774194,2,0,1,3,1,0.5775,0.554292,0.52,0.0920542,8.957639268419648
1,9,0.3870967741935484,3,0,1,3,1,0.599167,0.570075,0.577083,0.131846,8.970813341411448
1,9,0.41935483870967744,4,0,1,3,1,0.6125,0.579558,0.637083,0.0827208,8.962391701743002
1,9,0.45161290322580644,5,0,1,3,1,0.633333,0.594083,0.6725,0.103863,8.988321188323683
1,9,0.4838709677419355,6,0,0,3,1,0.608333,0.585867,0.501667,0.247521,9.072686206677387
1,9,0.5161290322580645,0,0,0,3,1,0.58,0.563125,0.57,0.0901833,8.9001399880938
1,9,0.5483870967741935,1,0,1,3,2,0.580833,0.55305,0.734583,0.151742,8.834773814213882
1,9,0.5806451612903226,2,0,1,3,2,0.623333,0.565067,0.8725,0.357587,8.312135107648412
1,9,0.6129032258064516,3,0,1,3,1,0.5525,0.540404,0.536667,0.215175,8.934718614016768
1,9,0.6451612903225806,4,0,1,3,1,0.546667,0.532192,0.618333,0.118167,8.951569643018821
1,9,0.6774193548387096,5,0,1,3,1,0.599167,0.571971,0.66875,0.154229,9.007856923358275
1,9,0.7096774193548387,6,0,0,3,1,0.65,0.610488,0.646667,0.283583,9.035391569511642
1,9,0.7419354838709677,0,0,0,4,1,0.529167,0.518933,0.467083,0.223258,8.975503722070927
1,9,0.7741935483870968,1,0,1,4,1,0.514167,0.502513,0.492917,0.142404,8.914088348841334
1,9,0.8064516129032258,2,0,1,4,1,0.55,0.544179,0.57,0.236321,8.92771217382708
1,9,0.8387096774193549,3,0,1,4,1,0.635,0.596613,0.630833,0.2444,8.953252164609035
1,9,0.8709677419354839,4,0,1,4,2,0.65,0.607975,0.690833,0.134342,8.9082888855571
1,9,0.9032258064516129,5,0,1,4,2,0.619167,0.585863,0.69,0.164179,8.911260254572033
1,9,0.9354838709677419,6,0,0,4,1,0.5425,0.530296,0.542917,0.227604,9.054271186326293
1,9,0.967741935483871,0,0,0,4,1,0.526667,0.517663,0.583333,0.134958,8.837681215593197
1,10,0.03225806451612903,1,0,1,4,2,0.520833,0.512,0.649167,0.0908042,8.821437352166997
1,10,0.06451612903225806,2,0,1,4,3,0.590833,0.542333,0.871667,0.104475,8.442254104751743
1,10,0.0967741935483871,3,0,1,4,2,0.6575,0.599133,0.79375,0.0665458,8.932212512329214
1,10,0.12903225806451613,4,0,1,4,2,0.6575,0.607975,0.722917,0.117546,8.899457906353966
1,10,0.16129032258064516,5,0,1,4,1,0.615,0.580187,0.6275,0.10635,9.006509131694346
1,10,0.1935483870967742,6,0,0,4,1,0.554167,0.538521,0.664167,0.268025,8.98281222234415
1,10,0.22580645161290322,0,0,0,4,2,0.415833,0.419813,0.708333,0.141162,8.163371316459912
1,10,0.25806451612903225,1,1,0,4,2,0.383333,0.387608,0.709583,0.189679,8.608495349823023
1,10,0.2903225806451613,2,0,1,4,2,0.446667,0.438112,0.761667,0.1903,8.76280248744611
1,10,0.3225806451612903,3,0,1,4,1,0.514167,0.503142,0.630833,0.187821,8.947806093057054
1,10,0.3548387096774194,4,0,1,4,1,0.435,0.431167,0.463333,0.181596,8.931948346431495
1,10,0.3870967741935484,5,0,1,4,1,0.4375,0.433071,0.539167,0.235092,8.893160828735379
1,10,0.41935483870967744,6,0,0,4,1,0.393333,0.391396,0.494583,0.146142,8.869116865929483
1,10,0.45161290322580644,0,0,0,4,1,0.521667,0.508204,0.640417,0.278612,8.80071662871916
1,10,0.4838709677419355,1,0,1,4,2,0.561667,0.53915,0.7075,0.296037,8.67846133901236
1,10,0.5161290322580645,2,0,1,4,1,0.468333,0.460846,0.558333,0.182221,8.927181388251986
1,10,0.5483870967741935,3,0,1,4,1,0.455833,0.450108,0.692917,0.101371,8.917444732471514
1,10,0.5806451612903226,4,0,1,4,2,0.5225,0.512625,0.728333,0.236937,8.923857580099885
1,10,0.6129032258064516,5,0,1,4,2,0.563333,0.537896,0.815,0.134954,8.598588829620232
1,10,0.6451612903225806,6,0,0,4,1,0.484167,0.472842,0.572917,0.117537,8.998384010052538
1,10,0.6774193548387096,0,0,0,4,1,0.464167,0.456429,0.51,0.166054,8.828201089171515
1,10,0.7096774193548387,1,0,1,4,1,0.4875,0.482942,0.568333,0.0814833,8.861917004235215
1,10,0.7419354838709677,2,0,1,4,1,0.544167,0.530304,0.641667,0.0945458,8.91811465947453
1,10,0.7741935483870968,3,0,1,4,1,0.5875,0.558721,0.63625,0.0727792,8.948066103458935
1,10,0.8064516129032258,4,0,1,4,2,0.55,0.529688,0.800417,0.124375,8.903679332926599
1,10,0.8387096774193549,5,0,1,4,2,0.545833,0.52275,0.807083,0.132467,8.915163617762142
1,10,0.8709677419354839,6,0,0,4,2,0.53,0.515133,0.72,0.235692,8.968523555396352
1,10,0.9032258064516129,0,0,0,4,2,0.4775,0.467771,0.694583,0.398008,8.402679804627477
1,10,0.9354838709677419,1,0,1,4,3,0.44,0.4394,0.88,0.3582,8.440744019252831
1,10,0.967741935483871,2,0,1,4,2,0.318182,0.309909,0.825455,0.213009,6.999422467507961
1,10,1.0,3,0,1,4,2,0.3575,0.3611,0.666667,0.166667,8.624431942085836
1,11,0.03225806451612903,4,0,1,4,2,0.365833,0.369942,0.581667,0.157346,8.697178688412643
1,11,0.06451612903225806,5,0,1,4,1,0.355,0.356042,0.522083,0.266175,8.67368398817567
1,11,0.0967741935483871,6,0,0,4,2,0.343333,0.323846,0.49125,0.270529,8.544419177669829
1,11,0.12903225806451613,0,0,0,4,1,0.325833,0.329538,0.532917,0.179108,8.538367426647644
1,11,0.16129032258064516,1,0,1,4,1,0.319167,0.308075,0.494167,0.236325,8.567696173589344
1,11,0.1935483870967742,2,0,1,4,1,0.280833,0.281567,0.567083,0.173513,8.645762292210945
1,11,0.22580645161290322,3,0,1,4,2,0.295833,0.274621,0.5475,0.304108,8.524168805152662
1,11,0.25806451612903225,4,0,1,4,1,0.352174,0.341891,0.333478,0.347835,8.57828829077605
1,11,0.2903225806451613,5,0,1,4,1,0.361667,0.355413,0.540833,0.214558,8.698180525197055
1,11,0.3225806451612903,6,0,0,4,1,0.389167,0.393937,0.645417,0.0578458,8.785080636539838
1,11,0.3548387096774194,0,0,0,4,1,0.420833,0.421713,0.659167,0.1275,8.832295859444011
1,11,0.3870967741935484,1,1,0,4,1,0.485,0.475383,0.741667,0.173517,8.743372131273969
1,11,0.41935483870967744,2,0,1,4,2,0.343333,0.323225,0.662917,0.342046,8.317277766221235
1,11,0.45161290322580644,3,0,1,4,1,0.289167,0.281563,0.552083,0.199625,8.611593866837723
1,11,0.4838709677419355,4,0,1,4,2,0.321667,0.324492,0.620417,0.152987,8.602453035367061
1,11,0.5161290322580645,5,0,1,4,1,0.345,0.347204,0.524583,0.171025,8.647870515057853
1,11,0.5483870967741935,6,0,0,4,1,0.325,0.326383,0.545417,0.179729,8.635687085464026
1,11,0.5806451612903226,0,0,0,4,1,0.3425,0.337746,0.692917,0.227612,8.448700194970938
1,11,0.6129032258064516,1,0,1,4,2,0.380833,0.375621,0.623333,0.235067,8.612321536507814
1,11,0.6451612903225806,2,0,1,4,2,0.374167,0.380667,0.685,0.082725,8.636574948436317
1,11,0.6774193548387096,3,0,1,4,1,0.353333,0.364892,0.61375,0.103246,8.545974992841689
1,11,0.7096774193548387,4,1,0,4,1,0.34,0.350371,0.580417,0.0528708,7.793586803371584
1,11,0.7419354838709677,5,0,1,4,1,0.368333,0.378779,0.56875,0.148021,8.271292652979412
1,11,0.7741935483870968,6,0,0,4,1,0.278333,0.248742,0.404583,0.376871,7.7306140660637395
1,11,0.8064516129032258,0,0,0,4,1,0.245833,0.257583,0.468333,0.1505,7.793174347189205
1,11,0.8387096774193549,1,0,1,4,1,0.313333,0.339004,0.535417,0.04665,8.534443544822764
1,11,0.8709677419354839,2,0,1,4,2,0.291667,0.281558,0.786667,0.237562,8.28374674710613
1,11,0.9032258064516129,3,0,1,4,1,0.296667,0.289762,0.50625,0.210821,8.567886305731756
1,11,0.9354838709677419,4,0,1,4,1,0.28087,0.298422,0.555652,0.115522,8.579792333172758
1,11,0.967741935483871,5,0,1,4,1,0.298333,0.323867,0.649583,0.0584708,8.64259160081057
1,12,0.03225806451612903,6,0,0,4,2,0.298333,0.316904,0.806667,0.0597042,8.55468163582723
1,12,0.06451612903225806,0,0,0,4,2,0.3475,0.359208,0.823333,0.124379,8.444407421690585
1,12,0.0967741935483871,1,0,1,4,1,0.4525,0.455796,0.7675,0.0827208,8.737773460327283
1,12,0.12903225806451613,2,0,1,4,1,0.475833,0.469054,0.73375,0.174129,8.795733605950735
1,12,0.16129032258064516,3,0,1,4,1,0.438333,0.428012,0.485,0.324021,8.653296274408579
1,12,0.1935483870967742,4,0,1,4,1,0.255833,0.258204,0.50875,0.174754,8.589513852995864
1,12,0.22580645161290322,5,0,1,4,2,0.320833,0.321958,0.764167,0.1306,8.518791912779934
1,12,0.25806451612903225,6,0,0,4,2,0.381667,0.389508,0.91125,0.101379,8.627302414096267
1,12,0.2903225806451613,0,0,0,4,2,0.384167,0.390146,0.905417,0.157975,8.07961802938984
1,12,0.3225806451612903,1,0,1,4,2,0.435833,0.435575,0.925,0.190308,8.550627967502475
1,12,0.3548387096774194,2,0,1,4,2,0.353333,0.338363,0.596667,0.296037,8.612685172875459
1,12,0.3870967741935484,3,0,1,4,2,0.2975,0.297338,0.538333,0.162937,8.579040594742317
1,12,0.41935483870967744,4,0,1,4,1,0.295833,0.294188,0.485833,0.174129,8.61830469278465
1,12,0.45161290322580644,5,0,1,4,1,0.281667,0.294192,0.642917,0.131229,8.632484235750972
1,12,0.4838709677419355,6,0,0,4,1,0.324167,0.338383,0.650417,0.10635,8.526549286340263
1,12,0.5161290322580645,0,0,0,4,2,0.3625,0.369938,0.83875,0.100742,8.239065331769268
1,12,0.5483870967741935,1,0,1,4,2,0.393333,0.4015,0.907083,0.0982583,8.430545384690566
1,12,0.5806451612903226,2,0,1,4,1,0.410833,0.409708,0.66625,0.221404,8.622813673279921
1,12,0.6129032258064516,3,0,1,4,1,0.3325,0.342162,0.625417,0.184092,8.569216219483389
1,12,0.6451612903225806,4,0,1,4,2,0.33,0.335217,0.667917,0.132463,8.325548307161398
1,12,0.6774193548387096,5,0,1,1,2,0.326667,0.301767,0.556667,0.374383,8.195057690895077
1,12,0.7096774193548387,6,0,0,1,1,0.265833,0.236113,0.44125,0.407346,7.466799475018602
1,12,0.7419354838709677,0,0,0,1,1,0.245833,0.259471,0.515417,0.133083,7.488293515159428
1,12,0.7741935483870968,1,0,1,1,2,0.231304,0.2589,0.791304,0.0772304,6.824373670043086
1,12,0.8064516129032258,2,1,0,1,2,0.291304,0.294465,0.734783,0.168726,6.920671504248683
1,12,0.8387096774193549,3,0,1,1,3,0.243333,0.220333,0.823333,0.316546,6.089044875446846
1,12,0.8709677419354839,4,0,1,1,2,0.254167,0.226642,0.652917,0.350133,7.656337166430183
1,12,0.9032258064516129,5,0,1,1,2,0.253333,0.255046,0.59,0.155471,8.037543185118697
1,12,0.9354838709677419,6,0,0,1,2,0.253333,0.2424,0.752917,0.124383,7.201170883281678
1,12,0.967741935483871,0,0,0,1,1,0.255833,0.2317,0.483333,0.350754,7.493317248862145
1,12,1.0,1,0,1,1,2,0.215833,0.223487,0.5775,0.154846,7.911690520708339
